video_name,condition,onset_time,offset_time,duration,response,added_TRs,movie_path
yt-AhM9i0zrIEo_19.mp4,1,0.500065800000016,3.49338729999999,2.99332149999998,1,0,C:\Users\cog-isik\Desktop\SIfMRI_eyetracking\videos\dyad_videos_3000ms\yt-AhM9i0zrIEo_19.mp4
flickr-5-2-4-7-4-1-5-5-6952474155_71.mp4,1,4.25650970000004,7.25235680000003,2.99584709999999,1,0,C:\Users\cog-isik\Desktop\SIfMRI_eyetracking\videos\dyad_videos_3000ms\flickr-5-2-4-7-4-1-5-5-6952474155_71.mp4
-YwZOeyAQC8_15.mp4,1,8.00760920000005,10.9938188,2.98620959999994,1,0,C:\Users\cog-isik\Desktop\SIfMRI_eyetracking\videos\dyad_videos_3000ms\-YwZOeyAQC8_15.mp4
yt-eKsNke8uDhE_5.mp4,1,11.7587735,14.7592797999999,3.00050629999998,1,0,C:\Users\cog-isik\Desktop\SIfMRI_eyetracking\videos\dyad_videos_3000ms\yt-eKsNke8uDhE_5.mp4
vine-Nononononono-twerking-weird-clapping-no-Kevin-Marshall-hHqMIJdWz7E_3.mp4,1,15.5097613,18.4944875,2.98472619999995,1,0,C:\Users\cog-isik\Desktop\SIfMRI_eyetracking\videos\dyad_videos_3000ms\vine-Nononononono-twerking-weird-clapping-no-Kevin-Marshall-hHqMIJdWz7E_3.mp4
vine-MBwjdF6eU79_2.mp4,1,19.2617786,22.2536709,2.99189230000002,0,0,C:\Users\cog-isik\Desktop\SIfMRI_eyetracking\videos\dyad_videos_3000ms\vine-MBwjdF6eU79_2.mp4
yt-74Pt4L0NrGo_187.mp4,1,23.0126688,26.0126455,2.99997669999993,0,0,C:\Users\cog-isik\Desktop\SIfMRI_eyetracking\videos\dyad_videos_3000ms\yt-74Pt4L0NrGo_187.mp4
flickr-5-7-2-8-0-0-7-2-3957280072_16.mp4,1,26.7631852,29.7548428,2.99165760000005,0,0,C:\Users\cog-isik\Desktop\SIfMRI_eyetracking\videos\dyad_videos_3000ms\flickr-5-7-2-8-0-0-7-2-3957280072_16.mp4
yt-HYtGXOKUyCk_5.mp4,1,30.5139196,33.4964886,2.98256900000001,0,0,C:\Users\cog-isik\Desktop\SIfMRI_eyetracking\videos\dyad_videos_3000ms\yt-HYtGXOKUyCk_5.mp4
IkTAuzVeD2Q_46.mp4,1,34.2650338,37.2548298,2.98979600000007,0,0,C:\Users\cog-isik\Desktop\SIfMRI_eyetracking\videos\dyad_videos_3000ms\IkTAuzVeD2Q_46.mp4
yt-gdfrW0ohNCU_61.mp4,1,38.0155737,41.0133474,2.99777370000004,0,0,C:\Users\cog-isik\Desktop\SIfMRI_eyetracking\videos\dyad_videos_3000ms\yt-gdfrW0ohNCU_61.mp4
yt-cf6C48WpbPE_21.mp4,1,41.7660593000001,44.7559173,2.98985799999991,0,0,C:\Users\cog-isik\Desktop\SIfMRI_eyetracking\videos\dyad_videos_3000ms\yt-cf6C48WpbPE_21.mp4
yt-K2Ysv5Y6tYo_297.mp4,1,45.5165821000001,48.5145855,2.9980033999999,0,0,C:\Users\cog-isik\Desktop\SIfMRI_eyetracking\videos\dyad_videos_3000ms\yt-K2Ysv5Y6tYo_297.mp4
yt-MqMKjrKRXmI_35.mp4,1,49.2670627,52.256661,2.98959830000001,0,0,C:\Users\cog-isik\Desktop\SIfMRI_eyetracking\videos\dyad_videos_3000ms\yt-MqMKjrKRXmI_35.mp4
flickr-4-1-7-8-1-9-6-2-3941781962_7.mp4,1,53.0174757,55.9979887,2.98051299999997,0,0,C:\Users\cog-isik\Desktop\SIfMRI_eyetracking\videos\dyad_videos_3000ms\flickr-4-1-7-8-1-9-6-2-3941781962_7.mp4
yt-yNeLe_a2pck_651.mp4,1,56.7680078,59.7565677,2.98855990000004,0,0,C:\Users\cog-isik\Desktop\SIfMRI_eyetracking\videos\dyad_videos_3000ms\yt-yNeLe_a2pck_651.mp4
bing-heavy_com_entertainment_2017_10_this-is-us-spoilers-chrissy-metz-kate-singing-songs__249.mp4,1,60.518522,63.4988612,2.9803392,0,0,C:\Users\cog-isik\Desktop\SIfMRI_eyetracking\videos\dyad_videos_3000ms\bing-heavy_com_entertainment_2017_10_this-is-us-spoilers-chrissy-metz-kate-singing-songs__249.mp4
yt-lTeHKYHiVcM_15.mp4,1,64.2690418,67.2580961,2.98905430000002,0,0,C:\Users\cog-isik\Desktop\SIfMRI_eyetracking\videos\dyad_videos_3000ms\yt-lTeHKYHiVcM_15.mp4
yt-_0hmyfiUh1U_29.mp4,0,68.0194202,70.9993501,2.9799299,0,0,C:\Users\cog-isik\Desktop\SIfMRI_eyetracking\videos\crowd_videos_3000ms\yt-_0hmyfiUh1U_29.mp4
flickr-0-6-1-2-0-7-8-4-4606120784_26.mp4,1,71.7699334,74.7576447,2.9877113,0,0,C:\Users\cog-isik\Desktop\SIfMRI_eyetracking\videos\dyad_videos_3000ms\flickr-0-6-1-2-0-7-8-4-4606120784_26.mp4
yt-_Ey9knC5X3g_5.mp4,0,75.5204424,78.5003575,2.97991509999997,0,0,C:\Users\cog-isik\Desktop\SIfMRI_eyetracking\videos\crowd_videos_3000ms\yt-_Ey9knC5X3g_5.mp4
flickr-4-9-9-9-8-3-1-6-25549998316_29.mp4,1,79.270936,82.2587697,2.98783370000001,0,0,C:\Users\cog-isik\Desktop\SIfMRI_eyetracking\videos\dyad_videos_3000ms\flickr-4-9-9-9-8-3-1-6-25549998316_29.mp4
2KvODAvWWrQ_130.mp4,0,83.0213666,86.0014033,2.98003670000003,0,0,C:\Users\cog-isik\Desktop\SIfMRI_eyetracking\videos\crowd_videos_3000ms\2KvODAvWWrQ_130.mp4
yt-agTq1dEFUWE_52.mp4,0,86.7718773,89.7426850000001,2.97080770000002,0,0,C:\Users\cog-isik\Desktop\SIfMRI_eyetracking\videos\crowd_videos_3000ms\yt-agTq1dEFUWE_52.mp4
flickr-1-9-7-9-4-8-8-5-5319794885_45.mp4,1,90.5224281,93.5186091,2.99618100000009,0,0,C:\Users\cog-isik\Desktop\SIfMRI_eyetracking\videos\dyad_videos_3000ms\flickr-1-9-7-9-4-8-8-5-5319794885_45.mp4
yt-PWO7CMF5otY_336.mp4,1,94.2730082,97.2607696,2.98776139999995,0,0,C:\Users\cog-isik\Desktop\SIfMRI_eyetracking\videos\dyad_videos_3000ms\yt-PWO7CMF5otY_336.mp4
yt-k6Ildfvd4wA_76.mp4,1,98.0234335,101.0190132,2.99557970000001,0,0,C:\Users\cog-isik\Desktop\SIfMRI_eyetracking\videos\dyad_videos_3000ms\yt-k6Ildfvd4wA_76.mp4
yt-DlUgLVITRn0_3.mp4,1,101.7740172,104.7611359,2.9871187,0,0,C:\Users\cog-isik\Desktop\SIfMRI_eyetracking\videos\dyad_videos_3000ms\yt-DlUgLVITRn0_3.mp4
yt-3feY7fLgX4M_737.mp4,1,105.5246605,108.519848,2.99518750000004,0,0,C:\Users\cog-isik\Desktop\SIfMRI_eyetracking\videos\dyad_videos_3000ms\yt-3feY7fLgX4M_737.mp4
yt-yIvortOp_D8_304.mp4,1,109.2751618,112.2613017,2.98613990000001,0,0,C:\Users\cog-isik\Desktop\SIfMRI_eyetracking\videos\dyad_videos_3000ms\yt-yIvortOp_D8_304.mp4
flickr-7-4-1-1-3-9-5-4-8274113954_15.mp4,1,113.0258138,116.0032702,2.97745639999994,0,0,C:\Users\cog-isik\Desktop\SIfMRI_eyetracking\videos\dyad_videos_3000ms\flickr-7-4-1-1-3-9-5-4-8274113954_15.mp4
yt-2ULEIoRKW_Q_35.mp4,1,116.7764843,119.7628288,2.98634449999997,0,0,C:\Users\cog-isik\Desktop\SIfMRI_eyetracking\videos\dyad_videos_3000ms\yt-2ULEIoRKW_Q_35.mp4
yt-AXeXiTb9ntA_162.mp4,1,120.5270779,123.5210995,2.9940216,0,0,C:\Users\cog-isik\Desktop\SIfMRI_eyetracking\videos\dyad_videos_3000ms\yt-AXeXiTb9ntA_162.mp4
yt-84Tw9n59zw0_24.mp4,1,124.2775572,127.2627255,2.98516829999994,0,0,C:\Users\cog-isik\Desktop\SIfMRI_eyetracking\videos\dyad_videos_3000ms\yt-84Tw9n59zw0_24.mp4
yt-2Ks8gsK22PA_14.mp4,1,128.0282521,131.0214792,2.99322710000001,0,0,C:\Users\cog-isik\Desktop\SIfMRI_eyetracking\videos\dyad_videos_3000ms\yt-2Ks8gsK22PA_14.mp4
yt-q8mU6W5UqPk_27.mp4,1,131.7787757,134.7635809,2.98480519999998,0,0,C:\Users\cog-isik\Desktop\SIfMRI_eyetracking\videos\dyad_videos_3000ms\yt-q8mU6W5UqPk_27.mp4
yt-9LkmwSItZlk_5.mp4,1,135.5293721,138.5216576,2.99228549999998,0,0,C:\Users\cog-isik\Desktop\SIfMRI_eyetracking\videos\dyad_videos_3000ms\yt-9LkmwSItZlk_5.mp4
flickr-7-7-0-5-0-7-0-9-4177050709_33.mp4,1,139.2800147,142.2647843,2.98476959999994,0,0,C:\Users\cog-isik\Desktop\SIfMRI_eyetracking\videos\dyad_videos_3000ms\flickr-7-7-0-5-0-7-0-9-4177050709_33.mp4
flickr-4-1-6-2-6-0-0-0-23041626000_1.mp4,1,143.0305137,146.0230634,2.99254969999993,0,0,C:\Users\cog-isik\Desktop\SIfMRI_eyetracking\videos\dyad_videos_3000ms\flickr-4-1-6-2-6-0-0-0-23041626000_1.mp4
flickr-9-3-2-2-7-4-6-7-4593227467_2.mp4,1,146.7811835,149.7817584,3.00057490000006,0,0,C:\Users\cog-isik\Desktop\SIfMRI_eyetracking\videos\dyad_videos_3000ms\flickr-9-3-2-2-7-4-6-7-4593227467_2.mp4
yt--7QDJQU657I_4.mp4,1,150.5317171,153.5236083,2.99189119999994,0,0,C:\Users\cog-isik\Desktop\SIfMRI_eyetracking\videos\dyad_videos_3000ms\yt--7QDJQU657I_4.mp4
yt-NQKRncc6YX8_35.mp4,1,154.2822461,157.2659939,2.98374780000006,0,0,C:\Users\cog-isik\Desktop\SIfMRI_eyetracking\videos\dyad_videos_3000ms\yt-NQKRncc6YX8_35.mp4
yt-gcN3azy8GDY_38.mp4,1,158.0327452,161.0241624,2.9914172,0,0,C:\Users\cog-isik\Desktop\SIfMRI_eyetracking\videos\dyad_videos_3000ms\yt-gcN3azy8GDY_38.mp4
yt-iRPNwUaA-5w_236.mp4,1,161.7832801,164.7833481,3.00006800000006,0,0,C:\Users\cog-isik\Desktop\SIfMRI_eyetracking\videos\dyad_videos_3000ms\yt-iRPNwUaA-5w_236.mp4
WJ-84ioZqcc_41.mp4,1,165.5339004,168.5251935,2.99129310000012,0,0,C:\Users\cog-isik\Desktop\SIfMRI_eyetracking\videos\dyad_videos_3000ms\WJ-84ioZqcc_41.mp4
yt-KYxzJcHV8bI_485.mp4,1,169.284355,172.2671695,2.9828144999999,0,0,C:\Users\cog-isik\Desktop\SIfMRI_eyetracking\videos\dyad_videos_3000ms\yt-KYxzJcHV8bI_485.mp4
flickr-2-3-8-6-9-3-6-0-2823869360_23.mp4,1,173.0348206,176.0254391,2.99061849999998,0,0,C:\Users\cog-isik\Desktop\SIfMRI_eyetracking\videos\dyad_videos_3000ms\flickr-2-3-8-6-9-3-6-0-2823869360_23.mp4
flickr-4-2-6-5-6-4-7-1-5442656471_12.mp4,1,176.7854764,179.7678766,2.9824001999998,0,0,C:\Users\cog-isik\Desktop\SIfMRI_eyetracking\videos\dyad_videos_3000ms\flickr-4-2-6-5-6-4-7-1-5442656471_12.mp4
flickr-0-1-6-8-3-2-4-3-4401683243_31.mp4,1,180.5361346,183.5262355,2.99010090000002,0,0,C:\Users\cog-isik\Desktop\SIfMRI_eyetracking\videos\dyad_videos_3000ms\flickr-0-1-6-8-3-2-4-3-4401683243_31.mp4
yt-orhTrit8STg_509.mp4,1,184.2866301,187.2687748,2.98214470000016,0,0,C:\Users\cog-isik\Desktop\SIfMRI_eyetracking\videos\dyad_videos_3000ms\yt-orhTrit8STg_509.mp4
yt-A77SpYVvfKE_5.mp4,1,188.0373235,191.0258217,2.98849820000009,0,0,C:\Users\cog-isik\Desktop\SIfMRI_eyetracking\videos\dyad_videos_3000ms\yt-A77SpYVvfKE_5.mp4
yt-gEpYfnTt5_c_51.mp4,1,191.7877486,194.7689964,2.98124780000012,0,0,C:\Users\cog-isik\Desktop\SIfMRI_eyetracking\videos\dyad_videos_3000ms\yt-gEpYfnTt5_c_51.mp4
9hlyu-wDkg4_4.mp4,1,195.5383136,198.5275532,2.98923960000002,0,0,C:\Users\cog-isik\Desktop\SIfMRI_eyetracking\videos\dyad_videos_3000ms\9hlyu-wDkg4_4.mp4
flickr-1-1-2-0-2-4-6-6-7211202466_8.mp4,1,199.28874,202.2864416,2.99770160000003,0,0,C:\Users\cog-isik\Desktop\SIfMRI_eyetracking\videos\dyad_videos_3000ms\flickr-1-1-2-0-2-4-6-6-7211202466_8.mp4
yt-BVDyfz_RdZo_168.mp4,1,203.0392255,206.0286212,2.98939570000016,0,0,C:\Users\cog-isik\Desktop\SIfMRI_eyetracking\videos\dyad_videos_3000ms\yt-BVDyfz_RdZo_168.mp4
yt-OurLBAGyI9c_16.mp4,1,400.0773145,403.0636622,2.9863476999999,1,0,C:\Users\cog-isik\Desktop\SIfMRI_eyetracking\videos\dyad_videos_3000ms\yt-OurLBAGyI9c_16.mp4
yt-H_bBYuPxXkU_71.mp4,1,403.8277933,406.8223596,2.99456630000009,0,0,C:\Users\cog-isik\Desktop\SIfMRI_eyetracking\videos\dyad_videos_3000ms\yt-H_bBYuPxXkU_71.mp4
yt-xp4X1QnB1GE_1595.mp4,1,407.5784253,410.5806561,3.00223080000001,0,0,C:\Users\cog-isik\Desktop\SIfMRI_eyetracking\videos\dyad_videos_3000ms\yt-xp4X1QnB1GE_1595.mp4
yt-zGPMQDq1VdU_39.mp4,1,411.3289841,414.3217312,2.99274709999986,0,0,C:\Users\cog-isik\Desktop\SIfMRI_eyetracking\videos\dyad_videos_3000ms\yt-zGPMQDq1VdU_39.mp4
yt-K1EmbP7RMrQ_103.mp4,1,415.0793878,418.0832917,3.00390390000007,0,0,C:\Users\cog-isik\Desktop\SIfMRI_eyetracking\videos\dyad_videos_3000ms\yt-K1EmbP7RMrQ_103.mp4
yt-WsSVHEX7LdQ_144.mp4,1,418.830029,421.8228941,2.99286510000002,0,0,C:\Users\cog-isik\Desktop\SIfMRI_eyetracking\videos\dyad_videos_3000ms\yt-WsSVHEX7LdQ_144.mp4
yt-aunEHRTiMrQ_22.mp4,1,422.5805356,425.5833355,3.0027998999999,0,0,C:\Users\cog-isik\Desktop\SIfMRI_eyetracking\videos\dyad_videos_3000ms\yt-aunEHRTiMrQ_22.mp4
yt-0QzC8ORgZlM_35.mp4,1,426.3313234,429.3209116,2.98958820000007,0,0,C:\Users\cog-isik\Desktop\SIfMRI_eyetracking\videos\dyad_videos_3000ms\yt-0QzC8ORgZlM_35.mp4
yt-CQzqhM81T_M_5.mp4,1,430.0817218,433.0653088,2.98358699999994,0,0,C:\Users\cog-isik\Desktop\SIfMRI_eyetracking\videos\dyad_videos_3000ms\yt-CQzqhM81T_M_5.mp4
yt-lzsldb9fo70_4.mp4,1,433.832287,436.8257277,2.99344070000006,0,0,C:\Users\cog-isik\Desktop\SIfMRI_eyetracking\videos\dyad_videos_3000ms\yt-lzsldb9fo70_4.mp4
yt-zcz5nb7m-Y4_55.mp4,1,437.5828885,440.582958,3.00006949999988,0,0,C:\Users\cog-isik\Desktop\SIfMRI_eyetracking\videos\dyad_videos_3000ms\yt-zcz5nb7m-Y4_55.mp4
yt-4JNdEFzM86k_274.mp4,1,441.3334115,444.32558,2.99216849999993,0,0,C:\Users\cog-isik\Desktop\SIfMRI_eyetracking\videos\dyad_videos_3000ms\yt-4JNdEFzM86k_274.mp4
yt-EB_2BGaRiNU_9.mp4,1,445.0840199,448.0839019,2.99988200000007,0,0,C:\Users\cog-isik\Desktop\SIfMRI_eyetracking\videos\dyad_videos_3000ms\yt-EB_2BGaRiNU_9.mp4
flickr-2-2-8-4-6-0-2-0-8222846020_11.mp4,1,448.8346576,451.8276512,2.99299360000009,0,0,C:\Users\cog-isik\Desktop\SIfMRI_eyetracking\videos\dyad_videos_3000ms\flickr-2-2-8-4-6-0-2-0-8222846020_11.mp4
yt-8ssH5pwNNXI_17.mp4,0,452.5852285,455.5651368,2.97990829999981,0,0,C:\Users\cog-isik\Desktop\SIfMRI_eyetracking\videos\crowd_videos_3000ms\yt-8ssH5pwNNXI_17.mp4
vine-MKEjBiBY6Fw_1.mp4,1,456.3356234,459.3251488,2.98952540000005,0,0,C:\Users\cog-isik\Desktop\SIfMRI_eyetracking\videos\dyad_videos_3000ms\vine-MKEjBiBY6Fw_1.mp4
yt-gyHCZmoE-Gc_173.mp4,1,460.0861968,463.0667935,2.98059669999998,0,0,C:\Users\cog-isik\Desktop\SIfMRI_eyetracking\videos\dyad_videos_3000ms\yt-gyHCZmoE-Gc_173.mp4
b7y36KyAIoI_120.mp4,1,463.8367001,466.8270218,2.9903217000001,0,0,C:\Users\cog-isik\Desktop\SIfMRI_eyetracking\videos\dyad_videos_3000ms\b7y36KyAIoI_120.mp4
flickr-5-0-2-0-2-2-2-2-2450202222_18.mp4,1,467.5871637,470.5859439,2.99878020000006,0,0,C:\Users\cog-isik\Desktop\SIfMRI_eyetracking\videos\dyad_videos_3000ms\flickr-5-0-2-0-2-2-2-2-2450202222_18.mp4
giphy-5gH28DhukBKlq_2.mp4,1,471.3378515,474.3208409,2.98298939999995,0,0,C:\Users\cog-isik\Desktop\SIfMRI_eyetracking\videos\dyad_videos_3000ms\giphy-5gH28DhukBKlq_2.mp4
yt-ix0bg7Lgyas_26.mp4,1,475.0885359,478.0882576,2.99972170000001,0,0,C:\Users\cog-isik\Desktop\SIfMRI_eyetracking\videos\dyad_videos_3000ms\yt-ix0bg7Lgyas_26.mp4
yt-qxNosFrsK1k_55.mp4,1,478.8389813,481.8275302,2.98854889999984,0,0,C:\Users\cog-isik\Desktop\SIfMRI_eyetracking\videos\dyad_videos_3000ms\yt-qxNosFrsK1k_55.mp4
flickr-7-9-6-9-9-2-6-7-5479699267_3.mp4,1,482.5894938,485.5803144,2.99082060000001,0,0,C:\Users\cog-isik\Desktop\SIfMRI_eyetracking\videos\dyad_videos_3000ms\flickr-7-9-6-9-9-2-6-7-5479699267_3.mp4
vine-A-kid-bowing-a-wheel-JohnnyRandom-MgJUX6q5pV5_1.mp4,1,486.3399385,489.3285079,2.98856939999996,0,0,C:\Users\cog-isik\Desktop\SIfMRI_eyetracking\videos\dyad_videos_3000ms\vine-A-kid-bowing-a-wheel-JohnnyRandom-MgJUX6q5pV5_1.mp4
vine-MVvgr5hA3JD_1.mp4,1,490.0906299,493.086927,2.99629709999999,0,0,C:\Users\cog-isik\Desktop\SIfMRI_eyetracking\videos\dyad_videos_3000ms\vine-MVvgr5hA3JD_1.mp4
yt-cs7e8XeuSGw_61.mp4,1,493.8418879,496.8476489,3.00576099999989,0,0,C:\Users\cog-isik\Desktop\SIfMRI_eyetracking\videos\dyad_videos_3000ms\yt-cs7e8XeuSGw_61.mp4
yt---kgxi3dRc8_202.mp4,1,497.5923922,500.6086354,3.01624319999996,0,0,C:\Users\cog-isik\Desktop\SIfMRI_eyetracking\videos\dyad_videos_3000ms\yt---kgxi3dRc8_202.mp4
vine-Clapping-to-make-the-clunk-of-the-water-wheel-with-Beckett-School-pupils-remakemuseum-Mte3Z7gqFh2_3.mp4,0,501.3429043,504.3298006,2.9868962999999,0,0,C:\Users\cog-isik\Desktop\SIfMRI_eyetracking\videos\crowd_videos_3000ms\vine-Clapping-to-make-the-clunk-of-the-water-wheel-with-Beckett-School-pupils-remakemuseum-Mte3Z7gqFh2_3.mp4
flickr-3-5-1-9-5-7-1-6-5535195716_54.mp4,1,505.0934894,508.0903383,2.99684890000003,0,0,C:\Users\cog-isik\Desktop\SIfMRI_eyetracking\videos\dyad_videos_3000ms\flickr-3-5-1-9-5-7-1-6-5535195716_54.mp4
yt-1iRW2U2jNPA_888.mp4,1,508.8442287,511.830252,2.98602329999994,0,0,C:\Users\cog-isik\Desktop\SIfMRI_eyetracking\videos\dyad_videos_3000ms\yt-1iRW2U2jNPA_888.mp4
yt-UZjgD-xTz9Q_310.mp4,1,512.5946845,515.5901159,2.99543139999992,0,0,C:\Users\cog-isik\Desktop\SIfMRI_eyetracking\videos\dyad_videos_3000ms\yt-UZjgD-xTz9Q_310.mp4
yt_R-62JchDNyM7U_143.mp4,1,516.3450501,519.3251987,2.98014860000012,0,0,C:\Users\cog-isik\Desktop\SIfMRI_eyetracking\videos\dyad_videos_3000ms\yt_R-62JchDNyM7U_143.mp4
flickr-3-3-2-8-3-2-3-7-2833283237_47.mp4,1,520.0956749,523.0898385,2.99416360000009,0,0,C:\Users\cog-isik\Desktop\SIfMRI_eyetracking\videos\dyad_videos_3000ms\flickr-3-3-2-8-3-2-3-7-2833283237_47.mp4
yt-UdFXugWdS94_32.mp4,1,523.8463774,526.8497894,3.00341200000003,0,0,C:\Users\cog-isik\Desktop\SIfMRI_eyetracking\videos\dyad_videos_3000ms\yt-UdFXugWdS94_32.mp4
yt-n2JqR0WrAFA_35.mp4,1,527.5970601,530.5880611,2.9910010000001,0,0,C:\Users\cog-isik\Desktop\SIfMRI_eyetracking\videos\dyad_videos_3000ms\yt-n2JqR0WrAFA_35.mp4
flickr-8-3-1-6897055831_10.mp4,1,531.3476003,534.3496107,3.00201040000002,0,0,C:\Users\cog-isik\Desktop\SIfMRI_eyetracking\videos\dyad_videos_3000ms\flickr-8-3-1-6897055831_10.mp4
yt-6RiK4Sg2tSY_75.mp4,1,535.0981381,538.090702,2.99256390000005,0,0,C:\Users\cog-isik\Desktop\SIfMRI_eyetracking\videos\dyad_videos_3000ms\yt-6RiK4Sg2tSY_75.mp4
yt-LBVBFl3eNg8_88.mp4,1,538.8487787,541.8332412,2.98446250000006,0,0,C:\Users\cog-isik\Desktop\SIfMRI_eyetracking\videos\dyad_videos_3000ms\yt-LBVBFl3eNg8_88.mp4
yt-MJMvM4DjVVY_67.mp4,1,542.5994834,545.5917545,2.99227109999993,0,0,C:\Users\cog-isik\Desktop\SIfMRI_eyetracking\videos\dyad_videos_3000ms\yt-MJMvM4DjVVY_67.mp4
yt-3cMBMW1l4L8_137.mp4,1,546.3500495,549.3504283,3.00037879999991,0,0,C:\Users\cog-isik\Desktop\SIfMRI_eyetracking\videos\dyad_videos_3000ms\yt-3cMBMW1l4L8_137.mp4
yt-7we4oftPEXo_245.mp4,1,550.1005146,553.0912876,2.99077299999999,0,0,C:\Users\cog-isik\Desktop\SIfMRI_eyetracking\videos\dyad_videos_3000ms\yt-7we4oftPEXo_245.mp4
yt-P3MNLNyt_98_51.mp4,1,553.8511452,556.8334105,2.98226529999988,0,0,C:\Users\cog-isik\Desktop\SIfMRI_eyetracking\videos\dyad_videos_3000ms\yt-P3MNLNyt_98_51.mp4
yt-iW8qXrKxfsk_18.mp4,1,557.6017873,560.5937205,2.99193319999995,0,0,C:\Users\cog-isik\Desktop\SIfMRI_eyetracking\videos\dyad_videos_3000ms\yt-iW8qXrKxfsk_18.mp4
yt-_I70R4j_tjA_309.mp4,1,561.3523029,564.3525852,3.00028229999998,0,0,C:\Users\cog-isik\Desktop\SIfMRI_eyetracking\videos\dyad_videos_3000ms\yt-_I70R4j_tjA_309.mp4
yt-dUQG4COAK54_46.mp4,1,565.1029017,568.0932105,2.99030879999987,0,0,C:\Users\cog-isik\Desktop\SIfMRI_eyetracking\videos\dyad_videos_3000ms\yt-dUQG4COAK54_46.mp4
flickr-4-7-7-6-8-6-8-3-10147768683_30.mp4,1,568.8534397,571.8522866,2.99884689999999,0,0,C:\Users\cog-isik\Desktop\SIfMRI_eyetracking\videos\dyad_videos_3000ms\flickr-4-7-7-6-8-6-8-3-10147768683_30.mp4
yt-lif69GRiRLE_101.mp4,1,572.6039339,575.5936535,2.98971960000017,0,0,C:\Users\cog-isik\Desktop\SIfMRI_eyetracking\videos\dyad_videos_3000ms\yt-lif69GRiRLE_101.mp4
yt-q__8ex88Ow0_60.mp4,1,576.3545182,579.3526879,2.99816970000006,0,0,C:\Users\cog-isik\Desktop\SIfMRI_eyetracking\videos\dyad_videos_3000ms\yt-q__8ex88Ow0_60.mp4
yt-HT3D9Cpx8Lw_28.mp4,1,580.1050177,583.0949529,2.98993519999999,0,0,C:\Users\cog-isik\Desktop\SIfMRI_eyetracking\videos\dyad_videos_3000ms\yt-HT3D9Cpx8Lw_28.mp4
yt-cYECXplgRi4_15.mp4,1,583.8554202,586.8570465,3.0016263,0,0,C:\Users\cog-isik\Desktop\SIfMRI_eyetracking\videos\dyad_videos_3000ms\yt-cYECXplgRi4_15.mp4
flickr-9-7-4-6-7-4-5-2-2597467452_51.mp4,1,587.6059473,590.5979757,2.99202839999998,0,0,C:\Users\cog-isik\Desktop\SIfMRI_eyetracking\videos\dyad_videos_3000ms\flickr-9-7-4-6-7-4-5-2-2597467452_51.mp4
flickr-5-3-3-2-7-2-4-7-3053327247_9.mp4,1,591.3564881,594.3552131,2.99872499999992,0,0,C:\Users\cog-isik\Desktop\SIfMRI_eyetracking\videos\dyad_videos_3000ms\flickr-5-3-3-2-7-2-4-7-3053327247_9.mp4
flickr-7-3-3-1-0-7-1-8-2773310718_8.mp4,1,595.1071476,598.0963507,2.98920309999994,0,0,C:\Users\cog-isik\Desktop\SIfMRI_eyetracking\videos\dyad_videos_3000ms\flickr-7-3-3-1-0-7-1-8-2773310718_8.mp4
yt-4GeYyT0lwQ0_20.mp4,1,598.8576669,601.8543869,2.9967200000001,0,0,C:\Users\cog-isik\Desktop\SIfMRI_eyetracking\videos\dyad_videos_3000ms\yt-4GeYyT0lwQ0_20.mp4
vine-MLzpzZvA6mu_3.mp4,0,602.6082552,605.583343,2.97508779999998,0,0,C:\Users\cog-isik\Desktop\SIfMRI_eyetracking\videos\crowd_videos_3000ms\vine-MLzpzZvA6mu_3.mp4
yt-M7LSf18G1-k_30.mp4,1,628.3296016,631.3211377,2.99153610000008,1,0,C:\Users\cog-isik\Desktop\SIfMRI_eyetracking\videos\dyad_videos_3000ms\yt-M7LSf18G1-k_30.mp4
2-8-0-2-5-4-8-8-5028025488_7.mp4,1,632.0800236,635.0681309,2.98810729999991,0,0,C:\Users\cog-isik\Desktop\SIfMRI_eyetracking\videos\dyad_videos_3000ms\2-8-0-2-5-4-8-8-5028025488_7.mp4
yt-SHe7vXXrv44_21.mp4,1,635.8306802,638.8255862,2.99490600000013,0,0,C:\Users\cog-isik\Desktop\SIfMRI_eyetracking\videos\dyad_videos_3000ms\yt-SHe7vXXrv44_21.mp4
1AIVH5cEWrI_35.mp4,1,639.5811251,642.5687795,2.98765439999988,0,0,C:\Users\cog-isik\Desktop\SIfMRI_eyetracking\videos\dyad_videos_3000ms\1AIVH5cEWrI_35.mp4
flickr-1-8-1-1-6-5-4-7-6118116547_81.mp4,1,643.3317503,646.3124759,2.98072559999991,0,0,C:\Users\cog-isik\Desktop\SIfMRI_eyetracking\videos\dyad_videos_3000ms\flickr-1-8-1-1-6-5-4-7-6118116547_81.mp4
vine-hxLaMMzZhv0_1.mp4,1,647.0822175,650.0895596,3.00734209999996,0,0,C:\Users\cog-isik\Desktop\SIfMRI_eyetracking\videos\dyad_videos_3000ms\vine-hxLaMMzZhv0_1.mp4
yt-FSXBt3Sak1E_25.mp4,1,650.8327454,653.8276449,2.99489949999997,0,0,C:\Users\cog-isik\Desktop\SIfMRI_eyetracking\videos\dyad_videos_3000ms\yt-FSXBt3Sak1E_25.mp4
yt-5K_c4LG7CEE_35.mp4,1,654.5831921,657.5694717,2.98627959999999,0,0,C:\Users\cog-isik\Desktop\SIfMRI_eyetracking\videos\dyad_videos_3000ms\yt-5K_c4LG7CEE_35.mp4
yt-xnqqB-leeaQ_128.mp4,1,658.3336559,661.3456664,3.01201050000009,0,0,C:\Users\cog-isik\Desktop\SIfMRI_eyetracking\videos\dyad_videos_3000ms\yt-xnqqB-leeaQ_128.mp4
twUN1iwMWgY_1320.mp4,1,662.0841939,665.0699711,2.98577720000003,0,0,C:\Users\cog-isik\Desktop\SIfMRI_eyetracking\videos\dyad_videos_3000ms\twUN1iwMWgY_1320.mp4
yt-F0Ede8UiICQ_38.mp4,1,665.8346988,668.8297239,2.99502510000002,0,0,C:\Users\cog-isik\Desktop\SIfMRI_eyetracking\videos\dyad_videos_3000ms\yt-F0Ede8UiICQ_38.mp4
flickr-8-9-7-9-5-0-4-1-6189795041_19.mp4,1,669.5851816,672.5726448,2.98746320000009,0,0,C:\Users\cog-isik\Desktop\SIfMRI_eyetracking\videos\dyad_videos_3000ms\flickr-8-9-7-9-5-0-4-1-6189795041_19.mp4
7-5-1-0-3-6-9-8-3775103698_9.mp4,1,673.3356252,676.3238842,2.98825899999997,0,0,C:\Users\cog-isik\Desktop\SIfMRI_eyetracking\videos\dyad_videos_3000ms\7-5-1-0-3-6-9-8-3775103698_9.mp4
3PJaYWt0cws_5.mp4,1,677.0861687,680.0729788,2.98681010000018,0,0,C:\Users\cog-isik\Desktop\SIfMRI_eyetracking\videos\dyad_videos_3000ms\3PJaYWt0cws_5.mp4
yt-aQfXbZo8UZI_145.mp4,0,680.8367765,683.8081458,2.97136929999988,0,0,C:\Users\cog-isik\Desktop\SIfMRI_eyetracking\videos\crowd_videos_3000ms\yt-aQfXbZo8UZI_145.mp4
yt-1iBn-CjHBgc_22.mp4,1,684.5872145,687.5701081,2.9828935999999,0,0,C:\Users\cog-isik\Desktop\SIfMRI_eyetracking\videos\dyad_videos_3000ms\yt-1iBn-CjHBgc_22.mp4
yt-qjtSPSnY_Aw_2.mp4,1,688.3377031,691.3315088,2.99380569999994,0,0,C:\Users\cog-isik\Desktop\SIfMRI_eyetracking\videos\dyad_videos_3000ms\yt-qjtSPSnY_Aw_2.mp4
yt-Qk-3RGy0rwk_18.mp4,1,692.0882424,695.0726679,2.98442550000004,0,0,C:\Users\cog-isik\Desktop\SIfMRI_eyetracking\videos\dyad_videos_3000ms\yt-Qk-3RGy0rwk_18.mp4
t2z1X76v4ys_178.mp4,1,695.8388135,698.8501654,3.01135189999991,0,0,C:\Users\cog-isik\Desktop\SIfMRI_eyetracking\videos\dyad_videos_3000ms\t2z1X76v4ys_178.mp4
yt-ZXSB3uT5Rk8_91.mp4,1,699.5892403,702.5748908,2.98565050000002,0,0,C:\Users\cog-isik\Desktop\SIfMRI_eyetracking\videos\dyad_videos_3000ms\yt-ZXSB3uT5Rk8_91.mp4
yt-fBN0EWsZbnk_14.mp4,1,703.3399083,706.3261789,2.98627060000013,0,0,C:\Users\cog-isik\Desktop\SIfMRI_eyetracking\videos\dyad_videos_3000ms\yt-fBN0EWsZbnk_14.mp4
yt-vfa6yhHnhsU_151.mp4,1,707.0904516,710.0769565,2.9865049,0,0,C:\Users\cog-isik\Desktop\SIfMRI_eyetracking\videos\dyad_videos_3000ms\yt-vfa6yhHnhsU_151.mp4
yt--O4Fx2w0FiI_211.mp4,0,710.8408806,713.8156601,2.97477950000007,0,0,C:\Users\cog-isik\Desktop\SIfMRI_eyetracking\videos\crowd_videos_3000ms\yt--O4Fx2w0FiI_211.mp4
yt-Z02VjQcNxv0_5.mp4,1,714.5914498,717.5921778,3.00072799999998,0,0,C:\Users\cog-isik\Desktop\SIfMRI_eyetracking\videos\dyad_videos_3000ms\yt-Z02VjQcNxv0_5.mp4
vine-Discussing-gopher-problems-with-Frank-from-the-parks-department-hLpauJl9VBw_1.mp4,1,718.3420272,721.3328436,2.99081639999986,0,0,C:\Users\cog-isik\Desktop\SIfMRI_eyetracking\videos\dyad_videos_3000ms\vine-Discussing-gopher-problems-with-Frank-from-the-parks-department-hLpauJl9VBw_1.mp4
yt-a9HzBJRWEJw_101.mp4,1,722.0925642,725.0933986,3.00083440000003,0,0,C:\Users\cog-isik\Desktop\SIfMRI_eyetracking\videos\dyad_videos_3000ms\yt-a9HzBJRWEJw_101.mp4
yt-K8ATZKxAgck_32.mp4,1,725.8430877,728.8368264,2.99373869999999,0,0,C:\Users\cog-isik\Desktop\SIfMRI_eyetracking\videos\dyad_videos_3000ms\yt-K8ATZKxAgck_32.mp4
flickr-0-4-1-6-1-4-0-9-15504161409_1.mp4,0,729.5936618,732.5758658,2.98220399999991,0,0,C:\Users\cog-isik\Desktop\SIfMRI_eyetracking\videos\crowd_videos_3000ms\flickr-0-4-1-6-1-4-0-9-15504161409_1.mp4
flickr-0-9-3-5-5-6-6-9-5809355669_3.mp4,1,733.3441575,736.3286466,2.98448910000002,0,0,C:\Users\cog-isik\Desktop\SIfMRI_eyetracking\videos\dyad_videos_3000ms\flickr-0-9-3-5-5-6-6-9-5809355669_3.mp4
flickr-1-6-4-12557575164_3.mp4,1,737.0946639,740.077606,2.98294209999995,0,0,C:\Users\cog-isik\Desktop\SIfMRI_eyetracking\videos\dyad_videos_3000ms\flickr-1-6-4-12557575164_3.mp4
yt-9OU9ycaIiGM_35.mp4,1,740.845321,743.8356717,2.99035069999991,0,0,C:\Users\cog-isik\Desktop\SIfMRI_eyetracking\videos\dyad_videos_3000ms\yt-9OU9ycaIiGM_35.mp4
flickr-7-8-3-9-5-6-9-1-3078395691_54.mp4,1,744.5958417,747.571548,2.97570629999996,0,0,C:\Users\cog-isik\Desktop\SIfMRI_eyetracking\videos\dyad_videos_3000ms\flickr-7-8-3-9-5-6-9-1-3078395691_54.mp4
yt-NyoDNKkeCkE_20.mp4,1,748.3464421,751.3313472,2.98490509999988,0,0,C:\Users\cog-isik\Desktop\SIfMRI_eyetracking\videos\dyad_videos_3000ms\yt-NyoDNKkeCkE_20.mp4
yt-PZF2qQpnGcI_97.mp4,1,752.0970368,755.0815338,2.98449699999992,0,0,C:\Users\cog-isik\Desktop\SIfMRI_eyetracking\videos\dyad_videos_3000ms\yt-PZF2qQpnGcI_97.mp4
yt-KZqqB7yoVYw_11.mp4,1,755.8475855,758.8364454,2.98885990000008,0,0,C:\Users\cog-isik\Desktop\SIfMRI_eyetracking\videos\dyad_videos_3000ms\yt-KZqqB7yoVYw_11.mp4
yt-uHGsgDLXCns_2999.mp4,1,759.5980486,762.5970724,2.9990237999998,0,0,C:\Users\cog-isik\Desktop\SIfMRI_eyetracking\videos\dyad_videos_3000ms\yt-uHGsgDLXCns_2999.mp4
yt-hhmiJzI5caA_52.mp4,1,763.3484825,766.3376765,2.989194,0,0,C:\Users\cog-isik\Desktop\SIfMRI_eyetracking\videos\dyad_videos_3000ms\yt-hhmiJzI5caA_52.mp4
yt-owyra39-RLo_36.mp4,1,767.0989632,770.0964616,2.99749840000004,0,0,C:\Users\cog-isik\Desktop\SIfMRI_eyetracking\videos\dyad_videos_3000ms\yt-owyra39-RLo_36.mp4
yt-1icEOZdgkVY_35.mp4,1,770.8494959,773.8383496,2.98885369999994,0,0,C:\Users\cog-isik\Desktop\SIfMRI_eyetracking\videos\dyad_videos_3000ms\yt-1icEOZdgkVY_35.mp4
yt-cqmZWMjSuy0_205.mp4,1,774.6000862,777.5988132,2.99872699999992,0,0,C:\Users\cog-isik\Desktop\SIfMRI_eyetracking\videos\dyad_videos_3000ms\yt-cqmZWMjSuy0_205.mp4
yt-2gM1wWqHh1U_4.mp4,0,778.3506083,781.3251652,2.97455689999993,0,0,C:\Users\cog-isik\Desktop\SIfMRI_eyetracking\videos\crowd_videos_3000ms\yt-2gM1wWqHh1U_4.mp4
yt-gvcE-VktSSg_23.mp4,1,782.1010361,785.0968803,2.99584419999996,0,0,C:\Users\cog-isik\Desktop\SIfMRI_eyetracking\videos\dyad_videos_3000ms\yt-gvcE-VktSSg_23.mp4
yt-m2cwo-pEgDY_25.mp4,1,785.8516393,788.8396188,2.98797949999994,0,0,C:\Users\cog-isik\Desktop\SIfMRI_eyetracking\videos\dyad_videos_3000ms\yt-m2cwo-pEgDY_25.mp4
yt-VmGqoK-hmHc_47.mp4,1,789.6020275,792.598651,2.99662349999994,0,0,C:\Users\cog-isik\Desktop\SIfMRI_eyetracking\videos\dyad_videos_3000ms\yt-VmGqoK-hmHc_47.mp4
yt-C7cOctg7F8c_365.mp4,0,793.3525749,796.3243593,2.97178439999993,0,0,C:\Users\cog-isik\Desktop\SIfMRI_eyetracking\videos\crowd_videos_3000ms\yt-C7cOctg7F8c_365.mp4
yt-fCaGeX3EZzc_44.mp4,1,797.103023,800.1014441,2.99842110000009,0,0,C:\Users\cog-isik\Desktop\SIfMRI_eyetracking\videos\dyad_videos_3000ms\yt-fCaGeX3EZzc_44.mp4
yt-q4bB_q8QAaA_88.mp4,1,800.8536765,803.8516458,2.99796930000002,0,0,C:\Users\cog-isik\Desktop\SIfMRI_eyetracking\videos\dyad_videos_3000ms\yt-q4bB_q8QAaA_88.mp4
yt-0Bzn7lSvTmA_9.mp4,1,804.6041739,807.603207,2.99903310000013,0,0,C:\Users\cog-isik\Desktop\SIfMRI_eyetracking\videos\dyad_videos_3000ms\yt-0Bzn7lSvTmA_9.mp4
yt-4afyGfunv7o_75.mp4,0,808.3549654,811.3428911,2.98792570000001,0,0,C:\Users\cog-isik\Desktop\SIfMRI_eyetracking\videos\crowd_videos_3000ms\yt-4afyGfunv7o_75.mp4
yt-7-zxdVaYzDA_301.mp4,1,812.105476,815.1021864,2.99671039999998,0,0,C:\Users\cog-isik\Desktop\SIfMRI_eyetracking\videos\dyad_videos_3000ms\yt-7-zxdVaYzDA_301.mp4
yt-qrKK36byJ30_239.mp4,1,815.8561964,818.8362356,2.98003919999996,0,0,C:\Users\cog-isik\Desktop\SIfMRI_eyetracking\videos\dyad_videos_3000ms\yt-qrKK36byJ30_239.mp4
yt-7Gw5igJ3Uc0_45.mp4,1,819.6066107,822.5989175,2.99230680000005,0,0,C:\Users\cog-isik\Desktop\SIfMRI_eyetracking\videos\dyad_videos_3000ms\yt-7Gw5igJ3Uc0_45.mp4
yt-8U-qwDgKU2E_2.mp4,1,823.3573613,826.3615545,3.00419319999992,0,0,C:\Users\cog-isik\Desktop\SIfMRI_eyetracking\videos\dyad_videos_3000ms\yt-8U-qwDgKU2E_2.mp4
9jw7D-exQDg_77.mp4,1,827.1080215,830.0961775,2.98815600000012,0,0,C:\Users\cog-isik\Desktop\SIfMRI_eyetracking\videos\dyad_videos_3000ms\9jw7D-exQDg_77.mp4
flickr-4-7-1-4-7-6-4-0-2447147640_28.mp4,1,830.8585276,833.8376562,2.97912860000019,0,0,C:\Users\cog-isik\Desktop\SIfMRI_eyetracking\videos\dyad_videos_3000ms\flickr-4-7-1-4-7-6-4-0-2447147640_28.mp4
yt-o0tfI02ehDE_1.mp4,1,971.4239019,974.4074819,2.98358000000007,1,0,C:\Users\cog-isik\Desktop\SIfMRI_eyetracking\videos\dyad_videos_3000ms\yt-o0tfI02ehDE_1.mp4
yt-2r4fsa-FerM_512.mp4,1,975.1743674,978.1657063,2.99133890000007,0,0,C:\Users\cog-isik\Desktop\SIfMRI_eyetracking\videos\dyad_videos_3000ms\yt-2r4fsa-FerM_512.mp4
yt-hFPoxM6C8v0_4.mp4,1,978.9248963,981.9078563,2.98296000000005,0,0,C:\Users\cog-isik\Desktop\SIfMRI_eyetracking\videos\dyad_videos_3000ms\yt-hFPoxM6C8v0_4.mp4
vine-crowds-clapping-M2rB73p5egp_3.mp4,0,982.6754669,985.6499477,2.97448080000004,0,0,C:\Users\cog-isik\Desktop\SIfMRI_eyetracking\videos\crowd_videos_3000ms\vine-crowds-clapping-M2rB73p5egp_3.mp4
yt-b6BhSLVUPuc_188.mp4,1,986.425956,989.4075386,2.98158259999991,0,0,C:\Users\cog-isik\Desktop\SIfMRI_eyetracking\videos\dyad_videos_3000ms\yt-b6BhSLVUPuc_188.mp4
yt-HsV1AkMICLQ_51.mp4,1,990.1766081,993.1667941,2.99018599999999,0,0,C:\Users\cog-isik\Desktop\SIfMRI_eyetracking\videos\dyad_videos_3000ms\yt-HsV1AkMICLQ_51.mp4
flickr-5-4-8-7-2-0-2-6-2454872026_5.mp4,1,993.9271114,996.9086881,2.98157670000001,0,0,C:\Users\cog-isik\Desktop\SIfMRI_eyetracking\videos\dyad_videos_3000ms\flickr-5-4-8-7-2-0-2-6-2454872026_5.mp4
flickr-4-0-4-9-3-3-4-4-15540493344_49.mp4,1,997.6777142,1000.667919,2.9902047999999,0,0,C:\Users\cog-isik\Desktop\SIfMRI_eyetracking\videos\dyad_videos_3000ms\flickr-4-0-4-9-3-3-4-4-15540493344_49.mp4
yt-vywVJ0J6Vlk_635.mp4,1,1001.4282133,1004.4265301,2.99831680000011,0,0,C:\Users\cog-isik\Desktop\SIfMRI_eyetracking\videos\dyad_videos_3000ms\yt-vywVJ0J6Vlk_635.mp4
yt-iHn1BwC1p1I_31.mp4,1,1005.1786771,1008.1681864,2.98950930000001,0,0,C:\Users\cog-isik\Desktop\SIfMRI_eyetracking\videos\dyad_videos_3000ms\yt-iHn1BwC1p1I_31.mp4
yt-HNPvM6RfXsY_12.mp4,1,1008.9291767,1011.9104718,2.98129510000012,0,0,C:\Users\cog-isik\Desktop\SIfMRI_eyetracking\videos\dyad_videos_3000ms\yt-HNPvM6RfXsY_12.mp4
yt-nk1ilLx3z1E_10.mp4,1,1012.6797201,1015.6693302,2.98961010000016,0,0,C:\Users\cog-isik\Desktop\SIfMRI_eyetracking\videos\dyad_videos_3000ms\yt-nk1ilLx3z1E_10.mp4
yt-TUdnj4CVFmQ_416.mp4,1,1016.4303161,1019.427687,2.99737090000008,0,0,C:\Users\cog-isik\Desktop\SIfMRI_eyetracking\videos\dyad_videos_3000ms\yt-TUdnj4CVFmQ_416.mp4
yt-G7OeEYC-zy4_57.mp4,1,1020.1809212,1023.1701185,2.98919729999989,0,0,C:\Users\cog-isik\Desktop\SIfMRI_eyetracking\videos\dyad_videos_3000ms\yt-G7OeEYC-zy4_57.mp4
yt-uFP2jKxjIwo_718.mp4,1,1023.9314768,1026.9275982,2.99612139999999,0,0,C:\Users\cog-isik\Desktop\SIfMRI_eyetracking\videos\dyad_videos_3000ms\yt-uFP2jKxjIwo_718.mp4
yt-gknOwYMSbPs_2.mp4,1,1027.6820665,1030.6700722,2.98800570000003,0,0,C:\Users\cog-isik\Desktop\SIfMRI_eyetracking\videos\dyad_videos_3000ms\yt-gknOwYMSbPs_2.mp4
yt-M1SHOxaP24s_29.mp4,1,1031.4324634,1034.4289614,2.99649799999997,0,0,C:\Users\cog-isik\Desktop\SIfMRI_eyetracking\videos\dyad_videos_3000ms\yt-M1SHOxaP24s_29.mp4
yt-NNVHWypc0No_309.mp4,1,1035.1831741,1038.1705707,2.98739660000001,0,0,C:\Users\cog-isik\Desktop\SIfMRI_eyetracking\videos\dyad_videos_3000ms\yt-NNVHWypc0No_309.mp4
flickr-5-5-5-1-2-1-2-0-2755512120_95.mp4,1,1038.9337951,1041.9296139,2.99581880000005,0,0,C:\Users\cog-isik\Desktop\SIfMRI_eyetracking\videos\dyad_videos_3000ms\flickr-5-5-5-1-2-1-2-0-2755512120_95.mp4
yt-Hdv-QIhFago_254.mp4,1,1042.6844531,1045.6717473,2.98729420000018,0,0,C:\Users\cog-isik\Desktop\SIfMRI_eyetracking\videos\dyad_videos_3000ms\yt-Hdv-QIhFago_254.mp4
yt-2dK-i-Ie1Yg_68.mp4,1,1046.4349959,1049.4292916,2.99429569999984,0,0,C:\Users\cog-isik\Desktop\SIfMRI_eyetracking\videos\dyad_videos_3000ms\yt-2dK-i-Ie1Yg_68.mp4
8-6-0-3-9-6-6-0-19586039660_4.mp4,1,1050.1855066,1053.1724765,2.98696989999985,0,0,C:\Users\cog-isik\Desktop\SIfMRI_eyetracking\videos\dyad_videos_3000ms\8-6-0-3-9-6-6-0-19586039660_4.mp4
vine-Everyones-clapping-for-Thats-my-kind-of-night-with-LukeBryanOnline-LukeBryanOnGMA-MViP0AhhvAH_2.mp4,0,1053.9360382,1056.9145934,2.97855520000007,0,0,C:\Users\cog-isik\Desktop\SIfMRI_eyetracking\videos\crowd_videos_3000ms\vine-Everyones-clapping-for-Thats-my-kind-of-night-with-LukeBryanOnline-LukeBryanOnGMA-MViP0AhhvAH_2.mp4
yt-4vsQkKl13Qc_682.mp4,1,1057.6866601,1060.672941,2.98628090000011,0,0,C:\Users\cog-isik\Desktop\SIfMRI_eyetracking\videos\dyad_videos_3000ms\yt-4vsQkKl13Qc_682.mp4
eJRbWjg73fE_116.mp4,1,1061.4373284,1064.4313164,2.99398799999994,0,0,C:\Users\cog-isik\Desktop\SIfMRI_eyetracking\videos\dyad_videos_3000ms\eJRbWjg73fE_116.mp4
yt-mqSlRcLajN4_267.mp4,1,1065.1878162,1068.1732671,2.98545089999993,0,0,C:\Users\cog-isik\Desktop\SIfMRI_eyetracking\videos\dyad_videos_3000ms\yt-mqSlRcLajN4_267.mp4
flickr-8-7-2-6-6-0-0-8-3387266008_18.mp4,1,1068.9385497,1071.9156509,2.97710119999988,0,0,C:\Users\cog-isik\Desktop\SIfMRI_eyetracking\videos\dyad_videos_3000ms\flickr-8-7-2-6-6-0-0-8-3387266008_18.mp4
yt-M1ZSKh7JbQQ_36.mp4,1,1072.6891171,1075.6743349,2.9852178000001,0,0,C:\Users\cog-isik\Desktop\SIfMRI_eyetracking\videos\dyad_videos_3000ms\yt-M1ZSKh7JbQQ_36.mp4
FSQ2vBJ0hmw_20.mp4,1,1076.4397369,1079.4318598,2.99212289999991,0,0,C:\Users\cog-isik\Desktop\SIfMRI_eyetracking\videos\dyad_videos_3000ms\FSQ2vBJ0hmw_20.mp4
yt-sWfgS1G-cr4_139.mp4,1,1080.1902736,1083.1747668,2.98449320000009,0,0,C:\Users\cog-isik\Desktop\SIfMRI_eyetracking\videos\dyad_videos_3000ms\yt-sWfgS1G-cr4_139.mp4
yt-V9hKfvFLDQo_816.mp4,1,1083.9409623,1086.9335204,2.9925581,0,0,C:\Users\cog-isik\Desktop\SIfMRI_eyetracking\videos\dyad_videos_3000ms\yt-V9hKfvFLDQo_816.mp4
yt-p2Rry6IQhwE_57.mp4,1,1087.6914363,1090.6759074,2.98447109999984,0,0,C:\Users\cog-isik\Desktop\SIfMRI_eyetracking\videos\dyad_videos_3000ms\yt-p2Rry6IQhwE_57.mp4
yt-YHZCo34wpMQ_3.mp4,1,1091.4420532,1094.4344895,2.99243630000001,0,0,C:\Users\cog-isik\Desktop\SIfMRI_eyetracking\videos\dyad_videos_3000ms\yt-YHZCo34wpMQ_3.mp4
yt-9R3WOWjYHMs_3.mp4,1,1095.1925103,1098.1765636,2.98405329999991,0,0,C:\Users\cog-isik\Desktop\SIfMRI_eyetracking\videos\dyad_videos_3000ms\yt-9R3WOWjYHMs_3.mp4
yt-1p9CYyk7fVo_5.mp4,0,1098.9430313,1101.9185596,2.97552829999995,0,0,C:\Users\cog-isik\Desktop\SIfMRI_eyetracking\videos\crowd_videos_3000ms\yt-1p9CYyk7fVo_5.mp4
yt-UPu938CNhYc_35.mp4,1,1102.6936191,1105.6770009,2.98338179999996,0,0,C:\Users\cog-isik\Desktop\SIfMRI_eyetracking\videos\dyad_videos_3000ms\yt-UPu938CNhYc_35.mp4
giphy-10TNZYlPEDFR3a_3.mp4,1,1106.444264,1109.4191041,2.97484009999994,0,0,C:\Users\cog-isik\Desktop\SIfMRI_eyetracking\videos\dyad_videos_3000ms\giphy-10TNZYlPEDFR3a_3.mp4
yt-0IxYqinsuz8_7.mp4,1,1110.194819,1113.1773032,2.98248420000004,0,0,C:\Users\cog-isik\Desktop\SIfMRI_eyetracking\videos\dyad_videos_3000ms\yt-0IxYqinsuz8_7.mp4
flickr-2-8-2-7-7-6-8-9-3028277689_11.mp4,1,1113.9454299,1116.9352191,2.98978920000013,0,0,C:\Users\cog-isik\Desktop\SIfMRI_eyetracking\videos\dyad_videos_3000ms\flickr-2-8-2-7-7-6-8-9-3028277689_11.mp4
yt-tbKg9FdQZ0g_63.mp4,1,1117.6959632,1120.6781513,2.98218810000003,0,0,C:\Users\cog-isik\Desktop\SIfMRI_eyetracking\videos\dyad_videos_3000ms\yt-tbKg9FdQZ0g_63.mp4
flickr_R-1-2-8-9-1-4-3-5-4212891435_36.mp4,1,1121.4463392,1124.4360485,2.98970929999996,0,0,C:\Users\cog-isik\Desktop\SIfMRI_eyetracking\videos\dyad_videos_3000ms\flickr_R-1-2-8-9-1-4-3-5-4212891435_36.mp4
yt-O2JT20EG6yI_111.mp4,1,1125.1971586,1128.1832994,2.98614079999993,0,0,C:\Users\cog-isik\Desktop\SIfMRI_eyetracking\videos\dyad_videos_3000ms\yt-O2JT20EG6yI_111.mp4
yt-4ECKZXJX9FY_7.mp4,1,1128.9477704,1131.9414513,2.99368089999984,0,0,C:\Users\cog-isik\Desktop\SIfMRI_eyetracking\videos\dyad_videos_3000ms\yt-4ECKZXJX9FY_7.mp4
yt-yI5VBQahUNE_92.mp4,1,1132.6983843,1135.6782003,2.97981600000003,0,0,C:\Users\cog-isik\Desktop\SIfMRI_eyetracking\videos\dyad_videos_3000ms\yt-yI5VBQahUNE_92.mp4
yt-8jK--lY7pww_12.mp4,1,1136.448904,1139.4422902,2.9933861999998,0,0,C:\Users\cog-isik\Desktop\SIfMRI_eyetracking\videos\dyad_videos_3000ms\yt-8jK--lY7pww_12.mp4
FJzKgF-nR0E_15.mp4,1,1140.1993785,1143.2007857,3.00140720000013,0,0,C:\Users\cog-isik\Desktop\SIfMRI_eyetracking\videos\dyad_videos_3000ms\FJzKgF-nR0E_15.mp4
yt-0mDoMNL_CI0_35.mp4,0,1143.9499801,1146.9265557,2.97657560000016,0,0,C:\Users\cog-isik\Desktop\SIfMRI_eyetracking\videos\crowd_videos_3000ms\yt-0mDoMNL_CI0_35.mp4
yt-5HH4AdueVlg_26.mp4,0,1147.7005955,1150.682816,2.98222050000004,0,0,C:\Users\cog-isik\Desktop\SIfMRI_eyetracking\videos\crowd_videos_3000ms\yt-5HH4AdueVlg_26.mp4
yt-ieUSTTGb3P8_9.mp4,1,1151.4510346,1154.4391646,2.98812999999996,0,0,C:\Users\cog-isik\Desktop\SIfMRI_eyetracking\videos\dyad_videos_3000ms\yt-ieUSTTGb3P8_9.mp4
yt-OGAx__6iSTs_17.mp4,1,1155.2019184,1158.2191393,3.01722089999998,0,0,C:\Users\cog-isik\Desktop\SIfMRI_eyetracking\videos\dyad_videos_3000ms\yt-OGAx__6iSTs_17.mp4
flickr-7-8-5-0-9-0-9-0-4078509090_12.mp4,1,1158.9525249,1161.9453036,2.99277869999992,0,0,C:\Users\cog-isik\Desktop\SIfMRI_eyetracking\videos\dyad_videos_3000ms\flickr-7-8-5-0-9-0-9-0-4078509090_12.mp4
yt-9AkGB_rRbIQ_95.mp4,1,1162.7034353,1165.7040718,3.00063650000016,0,0,C:\Users\cog-isik\Desktop\SIfMRI_eyetracking\videos\dyad_videos_3000ms\yt-9AkGB_rRbIQ_95.mp4
yt--d_UnNREYO4_61.mp4,1,1166.4539669,1169.4457012,2.99173429999996,0,0,C:\Users\cog-isik\Desktop\SIfMRI_eyetracking\videos\dyad_videos_3000ms\yt--d_UnNREYO4_61.mp4
yt-11lRVNynHq0_23.mp4,1,1170.2044505,1173.1979696,2.99351910000019,0,0,C:\Users\cog-isik\Desktop\SIfMRI_eyetracking\videos\dyad_videos_3000ms\yt-11lRVNynHq0_23.mp4
yt-BJa2Fs1UyZ0_71.mp4,1,1173.9550312,1176.9448415,2.98981030000004,0,0,C:\Users\cog-isik\Desktop\SIfMRI_eyetracking\videos\dyad_videos_3000ms\yt-BJa2Fs1UyZ0_71.mp4
yt-8ndhK2tFl60_40.mp4,0,1189.094423,1192.0734458,2.97902280000017,1,0,C:\Users\cog-isik\Desktop\SIfMRI_eyetracking\videos\crowd_videos_3000ms\yt-8ndhK2tFl60_40.mp4
yt-MMycfMcM9oM_297.mp4,1,1192.8448842,1195.8392539,2.99436969999988,0,0,C:\Users\cog-isik\Desktop\SIfMRI_eyetracking\videos\dyad_videos_3000ms\yt-MMycfMcM9oM_297.mp4
yt-U87RJqCZT8w_16.mp4,1,1196.5954044,1199.5810065,2.98560210000005,0,0,C:\Users\cog-isik\Desktop\SIfMRI_eyetracking\videos\dyad_videos_3000ms\yt-U87RJqCZT8w_16.mp4
flickr-2-1-6-6-7-1-1-2-16621667112_15.mp4,1,1200.3459227,1203.3416577,2.99573499999997,0,0,C:\Users\cog-isik\Desktop\SIfMRI_eyetracking\videos\dyad_videos_3000ms\flickr-2-1-6-6-7-1-1-2-16621667112_15.mp4
flickr-1-0-3-5-1-1-0-6-2810351106_1.mp4,1,1204.0964646,1207.0817798,2.98531520000006,0,0,C:\Users\cog-isik\Desktop\SIfMRI_eyetracking\videos\dyad_videos_3000ms\flickr-1-0-3-5-1-1-0-6-2810351106_1.mp4
flickr-0-9-4-9-7-9-0-1-3009497901_3.mp4,1,1207.8469939,1210.8247095,2.97771560000001,0,0,C:\Users\cog-isik\Desktop\SIfMRI_eyetracking\videos\dyad_videos_3000ms\flickr-0-9-4-9-7-9-0-1-3009497901_3.mp4
flickr-0-2-5-6-6-5-1-2-5402566512_10.mp4,0,1211.5975862,1214.582638,2.98505180000029,0,0,C:\Users\cog-isik\Desktop\SIfMRI_eyetracking\videos\crowd_videos_3000ms\flickr-0-2-5-6-6-5-1-2-5402566512_10.mp4
yt-k2tmlKg0MsU_33.mp4,1,1215.3482282,1218.3403843,2.99215609999965,0,0,C:\Users\cog-isik\Desktop\SIfMRI_eyetracking\videos\dyad_videos_3000ms\yt-k2tmlKg0MsU_33.mp4
yt-DnrzWno9RY0_28.mp4,1,1219.0987514,1222.0837818,2.98503040000014,0,0,C:\Users\cog-isik\Desktop\SIfMRI_eyetracking\videos\dyad_videos_3000ms\yt-DnrzWno9RY0_28.mp4
flickr-2-0-5-7-0-2-3-3-4720570233_26.mp4,1,1222.8493068,1225.8417467,2.99243990000014,0,0,C:\Users\cog-isik\Desktop\SIfMRI_eyetracking\videos\dyad_videos_3000ms\flickr-2-0-5-7-0-2-3-3-4720570233_26.mp4
yt-rjfxunCrhMk_6.mp4,1,1226.599808,1229.6021787,3.00237070000003,0,0,C:\Users\cog-isik\Desktop\SIfMRI_eyetracking\videos\dyad_videos_3000ms\yt-rjfxunCrhMk_6.mp4
yt-LrJEzt-ytsM_18.mp4,1,1230.3504314,1233.3588858,3.00845440000012,0,0,C:\Users\cog-isik\Desktop\SIfMRI_eyetracking\videos\dyad_videos_3000ms\yt-LrJEzt-ytsM_18.mp4
yt-hXKxZId2MC0_139.mp4,1,1234.1008639,1237.1014636,3.00059970000029,0,0,C:\Users\cog-isik\Desktop\SIfMRI_eyetracking\videos\dyad_videos_3000ms\yt-hXKxZId2MC0_139.mp4
yt-ccsCZ0yttAI_264.mp4,1,1237.8515155,1240.8379383,2.98642280000013,0,0,C:\Users\cog-isik\Desktop\SIfMRI_eyetracking\videos\dyad_videos_3000ms\yt-ccsCZ0yttAI_264.mp4
gvztLkrmEIg_137.mp4,1,1241.6020343,1244.5791179,2.97708360000024,0,0,C:\Users\cog-isik\Desktop\SIfMRI_eyetracking\videos\dyad_videos_3000ms\gvztLkrmEIg_137.mp4
yt-S0dAccaitok_119.mp4,1,1245.3525425,1248.3432889,2.99074639999981,0,0,C:\Users\cog-isik\Desktop\SIfMRI_eyetracking\videos\dyad_videos_3000ms\yt-S0dAccaitok_119.mp4
yt-xPT35mB9C28_1226.mp4,1,1249.1032384,1252.1025847,2.99934630000007,0,0,C:\Users\cog-isik\Desktop\SIfMRI_eyetracking\videos\dyad_videos_3000ms\yt-xPT35mB9C28_1226.mp4
yt-9zSUWc_GyVs_203.mp4,0,1252.8543207,1255.8466258,2.99230510000007,0,0,C:\Users\cog-isik\Desktop\SIfMRI_eyetracking\videos\crowd_videos_3000ms\yt-9zSUWc_GyVs_203.mp4
yt-ylWmBeCU2LE_101.mp4,1,1256.6048596,1259.6029676,2.99810800000023,0,0,C:\Users\cog-isik\Desktop\SIfMRI_eyetracking\videos\dyad_videos_3000ms\yt-ylWmBeCU2LE_101.mp4
yt-7eF1aYP8gCQ_9.mp4,1,1260.3553663,1263.3440534,2.98868709999988,0,0,C:\Users\cog-isik\Desktop\SIfMRI_eyetracking\videos\dyad_videos_3000ms\yt-7eF1aYP8gCQ_9.mp4
yt-4_ITLNi3Wx8_27.mp4,0,1264.1058528,1267.0871385,2.98128569999972,0,0,C:\Users\cog-isik\Desktop\SIfMRI_eyetracking\videos\crowd_videos_3000ms\yt-4_ITLNi3Wx8_27.mp4
yt-CycYi5Z5guk_25.mp4,1,1267.8565042,1270.847578,2.99107380000032,0,0,C:\Users\cog-isik\Desktop\SIfMRI_eyetracking\videos\dyad_videos_3000ms\yt-CycYi5Z5guk_25.mp4
yt-ACR1T1nMR0E_57.mp4,1,1271.6071019,1274.5877056,2.9806037000003,0,0,C:\Users\cog-isik\Desktop\SIfMRI_eyetracking\videos\dyad_videos_3000ms\yt-ACR1T1nMR0E_57.mp4
yt-XTX0BNJrLcc_97.mp4,1,1275.3575606,1278.339897,2.98233639999989,0,0,C:\Users\cog-isik\Desktop\SIfMRI_eyetracking\videos\dyad_videos_3000ms\yt-XTX0BNJrLcc_97.mp4
yt-hHV1-no0rkQ_102.mp4,1,1279.1080244,1282.1050881,2.99706369999967,0,0,C:\Users\cog-isik\Desktop\SIfMRI_eyetracking\videos\dyad_videos_3000ms\yt-hHV1-no0rkQ_102.mp4
yt-l8je0Vm72u4_988.mp4,1,1282.8586218,1285.8649573,3.0063355000002,0,0,C:\Users\cog-isik\Desktop\SIfMRI_eyetracking\videos\dyad_videos_3000ms\yt-l8je0Vm72u4_988.mp4
flickr-7-7-6-9-8-7-4-3-6077698743_33.mp4,1,1286.6092567,1289.6071144,2.99785770000017,0,0,C:\Users\cog-isik\Desktop\SIfMRI_eyetracking\videos\dyad_videos_3000ms\flickr-7-7-6-9-8-7-4-3-6077698743_33.mp4
flickr-3-2-7-8-3-1-4-7-16232783147_5.mp4,1,1290.3597845,1293.346937,2.98715249999987,0,0,C:\Users\cog-isik\Desktop\SIfMRI_eyetracking\videos\dyad_videos_3000ms\flickr-3-2-7-8-3-1-4-7-16232783147_5.mp4
yt-1bNx06Nq40k_73.mp4,1,1294.1102489,1297.1055754,2.99532649999992,0,0,C:\Users\cog-isik\Desktop\SIfMRI_eyetracking\videos\dyad_videos_3000ms\yt-1bNx06Nq40k_73.mp4
flickr-4-8-3-9-9-3-0-9-6748399309_20.mp4,1,1297.8609004,1300.8429084,2.98200799999995,0,0,C:\Users\cog-isik\Desktop\SIfMRI_eyetracking\videos\dyad_videos_3000ms\flickr-4-8-3-9-9-3-0-9-6748399309_20.mp4
yt-2Joztxgo5Sw_180.mp4,1,1301.6115655,1304.6061728,2.9946073000001,0,0,C:\Users\cog-isik\Desktop\SIfMRI_eyetracking\videos\dyad_videos_3000ms\yt-2Joztxgo5Sw_180.mp4
yt-D0FQ_5wWv_s_5.mp4,1,1305.3621363,1308.3488788,2.98674250000022,0,0,C:\Users\cog-isik\Desktop\SIfMRI_eyetracking\videos\dyad_videos_3000ms\yt-D0FQ_5wWv_s_5.mp4
yt-pumHrH9tKRo_131.mp4,1,1309.1127186,1312.1077635,2.99504489999981,0,0,C:\Users\cog-isik\Desktop\SIfMRI_eyetracking\videos\dyad_videos_3000ms\yt-pumHrH9tKRo_131.mp4
flickr-7-8-4-4-1-9-1-7-2878441917_1.mp4,1,1312.8633594,1315.8509973,2.98763789999975,0,0,C:\Users\cog-isik\Desktop\SIfMRI_eyetracking\videos\dyad_videos_3000ms\flickr-7-8-4-4-1-9-1-7-2878441917_1.mp4
yt-vx-VMETm4g0_154.mp4,1,1316.6139555,1319.6025915,2.98863599999959,0,0,C:\Users\cog-isik\Desktop\SIfMRI_eyetracking\videos\dyad_videos_3000ms\yt-vx-VMETm4g0_154.mp4
yt_R-8XFRghgHAwk_54.mp4,1,1320.3644917,1323.3616485,2.99715680000008,0,0,C:\Users\cog-isik\Desktop\SIfMRI_eyetracking\videos\dyad_videos_3000ms\yt_R-8XFRghgHAwk_54.mp4
yt-8N5UuN5WQcY_72.mp4,0,1324.1149364,1327.1093072,2.99437080000007,0,0,C:\Users\cog-isik\Desktop\SIfMRI_eyetracking\videos\crowd_videos_3000ms\yt-8N5UuN5WQcY_72.mp4
yt-krmQtsQUk1Q_485.mp4,1,1327.8654474,1330.8685384,3.00309099999959,0,0,C:\Users\cog-isik\Desktop\SIfMRI_eyetracking\videos\dyad_videos_3000ms\yt-krmQtsQUk1Q_485.mp4
yt-lMvo3DnAz2I_37.mp4,1,1331.6160166,1334.6103059,2.99428929999976,0,0,C:\Users\cog-isik\Desktop\SIfMRI_eyetracking\videos\dyad_videos_3000ms\yt-lMvo3DnAz2I_37.mp4
yt-nJH9cpyHtro_94.mp4,1,1335.3664382,1338.3521057,2.98566750000009,0,0,C:\Users\cog-isik\Desktop\SIfMRI_eyetracking\videos\dyad_videos_3000ms\yt-nJH9cpyHtro_94.mp4
flickr-9-6-7-8-7-6-4-6-2496787646_9.mp4,1,1339.1170685,1342.1109696,2.99390110000013,0,0,C:\Users\cog-isik\Desktop\SIfMRI_eyetracking\videos\dyad_videos_3000ms\flickr-9-6-7-8-7-6-4-6-2496787646_9.mp4
flickr-6-2-2-9-2-0-1-2-5362292012_12.mp4,1,1342.8677961,1345.8530076,2.98521149999988,0,0,C:\Users\cog-isik\Desktop\SIfMRI_eyetracking\videos\dyad_videos_3000ms\flickr-6-2-2-9-2-0-1-2-5362292012_12.mp4
flickr-0-5-6-9-8-9-0-8-4405698908_26.mp4,1,1346.6185463,1349.6103484,2.99180209999986,0,0,C:\Users\cog-isik\Desktop\SIfMRI_eyetracking\videos\dyad_videos_3000ms\flickr-0-5-6-9-8-9-0-8-4405698908_26.mp4
vine-arm-wrestling-h6itJarOtiI_3.mp4,1,1350.3691283,1353.3553585,2.98623020000014,0,0,C:\Users\cog-isik\Desktop\SIfMRI_eyetracking\videos\dyad_videos_3000ms\vine-arm-wrestling-h6itJarOtiI_3.mp4
yt-Jpw2EHf2-3s_508.mp4,1,1354.1196283,1357.1132616,2.99363330000006,0,0,C:\Users\cog-isik\Desktop\SIfMRI_eyetracking\videos\dyad_videos_3000ms\yt-Jpw2EHf2-3s_508.mp4
yt-0lhJTF-gqcw_35.mp4,0,1357.8701611,1360.8531905,2.98302940000031,0,0,C:\Users\cog-isik\Desktop\SIfMRI_eyetracking\videos\crowd_videos_3000ms\yt-0lhJTF-gqcw_35.mp4
93T09orSRUc_209.mp4,0,1361.6206174,1364.5969173,2.97629989999996,0,0,C:\Users\cog-isik\Desktop\SIfMRI_eyetracking\videos\crowd_videos_3000ms\93T09orSRUc_209.mp4
yt-sNY_HeMbyQc_35.mp4,1,1365.3710767,1368.3480161,2.97693939999999,0,0,C:\Users\cog-isik\Desktop\SIfMRI_eyetracking\videos\dyad_videos_3000ms\yt-sNY_HeMbyQc_35.mp4
yt-PkN1YKOuOYE_6.mp4,1,1369.1217077,1372.1121823,2.9904746000002,0,0,C:\Users\cog-isik\Desktop\SIfMRI_eyetracking\videos\dyad_videos_3000ms\yt-PkN1YKOuOYE_6.mp4
yt--Sv97d457Uw_137.mp4,1,1372.8723885,1375.8714181,2.99902959999963,0,0,C:\Users\cog-isik\Desktop\SIfMRI_eyetracking\videos\dyad_videos_3000ms\yt--Sv97d457Uw_137.mp4
yt-iYZvTOb0gWU_608.mp4,1,1376.6228634,1379.6131143,2.99025089999986,0,0,C:\Users\cog-isik\Desktop\SIfMRI_eyetracking\videos\dyad_videos_3000ms\yt-iYZvTOb0gWU_608.mp4
flickr-9-3-0-5-5-4-4-2-3593055442_11.mp4,1,1380.3735247,1383.3566863,2.98316159999968,0,0,C:\Users\cog-isik\Desktop\SIfMRI_eyetracking\videos\dyad_videos_3000ms\flickr-9-3-0-5-5-4-4-2-3593055442_11.mp4
flickr-8-4-2-6-5-3-9-1-9784265391_7.mp4,1,1384.1242683,1387.1138782,2.98960990000023,0,0,C:\Users\cog-isik\Desktop\SIfMRI_eyetracking\videos\dyad_videos_3000ms\flickr-8-4-2-6-5-3-9-1-9784265391_7.mp4
yt-yQK3lr5cpSU_37.mp4,1,1387.8749033,1390.8601486,2.98524529999986,0,0,C:\Users\cog-isik\Desktop\SIfMRI_eyetracking\videos\dyad_videos_3000ms\yt-yQK3lr5cpSU_37.mp4
yt-cUygizD21xo_35.mp4,1,1391.6254019,1394.6157419,2.99033999999983,0,2,C:\Users\cog-isik\Desktop\SIfMRI_eyetracking\videos\dyad_videos_3000ms\yt-cUygizD21xo_35.mp4
